,loss,loss,accuracy,accuracy,precision,precision,recall,recall,f1,f1
,train,valid,train,valid,train,valid,train,valid,train,valid
epoch-1,1.4965293230749572,0.4999536676115768,0.49609375,0.8432468694096602,0.7907552083333333,0.9237203445779031,0.49609375,0.8432468694096602,0.4979817708333333,0.8287733201068956
epoch-2,0.6795426752351926,0.3619255995767754,0.78515625,0.8640988372093024,0.9274088541666666,0.946963247508306,0.78515625,0.8640988372093024,0.793843005952381,0.8522794671413856
epoch-3,0.5457355276641197,0.3508089005427305,0.84375,0.8762019230769231,0.9376953125,0.9404591532498512,0.84375,0.8762019230769231,0.850368923611111,0.8740421319636434
epoch-4,0.5573045636975128,0.11491174718668294,0.8125,0.9565910107334525,0.9326171875000001,0.9834488670244482,0.8125,0.9565910107334525,0.8267547123015873,0.9568641730524001
epoch-5,0.2294173186322622,0.04258228516271121,0.953125,0.9851017441860465,0.9869791666666667,0.9938529554263568,0.953125,0.9851017441860465,0.9625828598484848,0.9850308001107421
epoch-6,0.3945389663653671,0.18461275609686625,0.9375,0.9506093470483005,0.984375,0.9747866353607632,0.9375,0.9506093470483005,0.9451264880952382,0.9494282808599668
epoch-7,0.2748525312618274,1.0255733284839363,0.94921875,0.7370583631484795,0.9856770833333334,0.8783305226346654,0.94921875,0.7370583631484795,0.9574962797619049,0.7342117749821239
